<?xml version="1.0" encoding="utf-8" ?>
<!-- ==============================================================================================
	Config File valid structure:
	<configuration>
    <property>...</property>
    ...
		<property>
			<item>...</item>
			<item>...</item>
			...
		</property>
		...
	</configuration>
=============================================================================================== -->
<configuration>
	<property name="ToolbarMode">ShowOnFocus</property>
	<property name="ToolsWidth">560px</property>
	<property name="ContentAreaMode">Div</property>
	<property name="DocumentsFilters">
		<item>*.*</item>
	</property>
</configuration>