﻿<?xml version="1.0" encoding="utf-8" ?>
<!-- ==============================================================================================
	Config File valid structure:
	<configuration>
    <property>...</property>
    ...
		<property>
			<item>...</item>
			<item>...</item>
			...
		</property>
		...
	</configuration>
=============================================================================================== -->
<configuration>
	<property name="EditModes">Design,Html</property>
	<property name="Height">240px</property>
	<property name="Width">530px</property>
</configuration>