<root>
	<tools name="EnhancedToolbar">
		<tool name="Cut" shortcut="CTRL+X" />
		<tool name="Copy" shortcut="CTRL+C" />
		<tool name="Paste" shortcut="CTRL+V" />
		<tool name="FormatStripper" />
		<tool separator="true" />
		<tool name="Undo" shortcut="CTRL+Z"/>
		<tool name="Redo" shortcut="CTRL+Y"/>
		<tool separator="true" />
		<tool name="InsertTable" />
		<tool name="SplitCell" />
		<tool name="MergeColumns" />
		<tool separator="true" />
		<tool name="SPLinkManager" text="Insert Link" />
		<tool name="ImageManager" />
	</tools>
	<tools name="BasicToolbar">
		<tool name="FontName" />
		<tool name="FontSize" />
		<tool separator="true" />
		<tool name="Bold" shortcut="CTRL+B" />
		<tool name="Italic" shortcut="CTRL+I" />
		<tool name="Underline" shortcut="CTRL+U" />
		<tool separator="true" />
		<tool name="JustifyLeft" shortcut="CTRL+L" />
		<tool name="JustifyCenter" shortcut="CTRL+E" />
		<tool name="JustifyRight" shortcut="CTRL+R" />
		<tool separator="true" />
		<tool name="InsertOrderedList" />
		<tool name="InsertUnorderedList" />
		<tool name="Indent" />
		<tool name="Outdent" shortcut="CTRL+M" />
		<tool separator="true" />
		<tool name="ForeColor" />
		<tool name="BackColor" />
		<tool separator="true" />
		<tool name="SPLeftToRight" text="Left to Right" />
		<tool name="SPRightToLeft" text="Right to Left" />
	</tools>
	<contextMenus>
		<contextMenu forElement="*">
			<tool name="Cut"/>
			<tool name="Copy"/>
			<tool name="Paste"/>
		</contextMenu>
	</contextMenus>
</root>