<root>
	<modules>
		<module name="RadEditorDomInspector" />
	</modules>
	<tools>
		<tool name="Cut" shortcut="CTRL+X" />
		<tool name="Copy" shortcut="CTRL+C" />
		<tool name="Paste" shortcut="CTRL+V" />
		<tool name="Undo" shortcut="CTRL+Z" />
		<tool name="Redo" shortcut="CTRL+Y" />
		<tool separator="true" />
		<tool name="FontName" />
		<tool name="FontSize" />
		<tool name="Bold" shortcut="CTRL+B" />
		<tool name="Italic" shortcut="CTRL+I" />
		<tool name="Underline" shortcut="CTRL+U" />
		<tool name="StrikeThrough" />
		<tool name="Subscript" />
		<tool name="Superscript" />
		<tool name="BackColor" />
		<tool name="ForeColor" />
		<tool name="FormatStripper" />
	</tools>
	<tools>
		<tool name="InsertUnorderedList" />
		<tool name="InsertOrderedList" />
		<tool name="Outdent" />
		<tool name="Indent" />
		<tool name="SPLeftToRight" text="Left to Right" />
		<tool name="SPRightToLeft" text="Right to Left" />
		<tool name="JustifyLeft" />
		<tool name="JustifyCenter" />
		<tool name="JustifyRight" />
		<tool name="JustifyFull" />
		<tool separator="true" />
		<tool name="ApplyClass" />
		<tool separator="true" />
		<tool name="AjaxSpellCheck" />
		<tool separator="true" />
		<tool name="FormatBlock" />
		<tool name="InsertHorizontalRule" />
		<tool name="ToggleSource" />
	</tools>
	<tools>
		<tool name="InsertTable" />
		<tool name="ToggleTableBorder" />
		<tool separator="true" />
		<tool name="ImageManager" />
		<tool name="MediaManager" />
		<tool name="FlashManager" />
		<tool separator="true" />
		<tool name="SPLinkManager" text="Insert Link" />
		<tool name="Unlink" />
		<tool separator="true" />
		<tool name="SPTemplateManager" text="Insert Reusable Content" />
		<tool separator="true" />
		<tool name="SPInsertWebPart" text="Insert Web Part"/>
		<tool separator="true" />
		<tool name="Help" />
	</tools>
	<contextMenus>
		<contextMenu forElement="*">
			<tool name="Cut"/>
			<tool name="Copy"/>
			<tool name="Paste"/>
		</contextMenu>
	</contextMenus>
	<classes>
		<class name="Clear Class" value="" />
		<class name="Normal" value=".ms-rteStyle-Normal" />
		<class name="Highlight" value=".ms-rteStyle-Highlight" />
		<class name="By Line" value=".ms-rteStyle-Byline" />
		<class name="Tag Line" value=".rteStyle-Tagline" />
		<class name="Comment" value=".ms-rteStyle-Comment" />
		<class name="References" value=".ms-rteStyle-References" />
		<class name="Caption" value=".ms-rteStyle-Caption" />
	</classes>
	<paragraphs>
		<paragraph name="&lt;H1 class='ms-rteElement-H1'>Heading 1&lt;/H1>" value="&lt;H1 class='ms-rteElement-H1'>" />
		<paragraph name="&lt;H2 class='ms-rteElement-H2'>Heading 2&lt;/H2>" value="&lt;H2 class='ms-rteElement-H2'>" />
		<paragraph name="&lt;H3 class='ms-rteElement-H3'>Heading 3&lt;/H3>" value="&lt;H3 class='ms-rteElement-H3'>" />
		<paragraph name="&lt;H4 class='ms-rteElement-H4'>Heading 4&lt;/H4>" value="&lt;H4 class='ms-rteElement-H4'>" />
		<paragraph name="&lt;H1 class='ms-rteElement-H1B'>Colored Heading 1&lt;/H1>" value="&lt;H1 class='ms-rteElement-H1B'>" />
		<paragraph name="&lt;H2 class='ms-rteElement-H2B'>Colored Heading 2&lt;/H2>" value="&lt;H2 class='ms-rteElement-H2B'>" />
		<paragraph name="&lt;H3 class='ms-rteElement-H3B'>Colored Heading 3&lt;/H3>" value="&lt;H3 class='ms-rteElement-H3B'>" />
		<paragraph name="&lt;H4 class='ms-rteElement-H4B'>Colored Heading 4&lt;/H4>" value="&lt;H4 class='ms-rteElement-H4B'>" />
		<paragraph name="&lt;p class='ms-rteElement-P'>Paragraph&lt;/p>" value="&lt;p class='ms-rteElement-P'>" />
		<paragraph name="&lt;div class='ms-rteElement-Callout1'>Callout 1&lt;/div>" value="&lt;div class='ms-rteElement-Callout1'>" />
		<paragraph name="&lt;div class='ms-rteElement-Callout2'>Callout 2&lt;/div>" value="&lt;div class='ms-rteElement-Callout2'>" />
		<paragraph name="&lt;div class='ms-rteElement-Callout3'>Callout 3&lt;/div>" value="&lt;div class='ms-rteElement-Callout3'>" />
		<paragraph name="&lt;div class='ms-rteElement-Callout4'>Callout 4&lt;/div>" value="&lt;div class='ms-rteElement-Callout4'>" />
	</paragraphs>
	<fontNames>
		<item name="Arial" />
		<item name="Calibri" />
		<item name="Comic Sans" />
		<item name="Courier" />
		<item name="Garamond" />
		<item name="Georgia" />
		<item name="Impact" />
		<item name="Lucida Console" />
		<item name="Palatino Linotype" />
		<item name="Times New Roman" />
		<item name="Trebuchet MS" />
		<item name="Verdana" />
	</fontNames>
</root>