﻿<?xml version="1.0" encoding="utf-8"?>
<Appointments>
  <NextID>5</NextID>
  <Resources>
    <Room>
      <Key>1</Key>
      <Text>Meeting room 101</Text>
    </Room>
    <Room>
      <Key>2</Key>
      <Text>Meeting room 201</Text>
    </Room>
    <User>
      <Key>1</Key>
      <Text>Alex</Text>
    </User>
    <User>
      <Key>2</Key>
      <Text>Bob</Text>
    </User>
    <User>
      <Key>3</Key>
      <Text>Charlie</Text>
    </User>
  </Resources>
  <Appointment>
    <ID>1</ID>
    <Subject>Meeting</Subject>
    <Description>To discuss implementation of new RadScheduler features:
&lt;ul&gt;
    &lt;li&gt;client side binding; &lt;/li&gt;
    &lt;li&gt;visual clue for non-visible appointments;&amp;nbsp; &lt;/li&gt;
    &lt;li&gt;context &lt;strong&gt;menus&lt;/strong&gt;; &lt;/li&gt;
&lt;/ul&gt;</Description>
    <Start>2007-03-30T06:30Z</Start>
    <End>2007-03-30T08:00Z</End>
    <Resources>
      <User Key="2" />
      <User Key="3" />
      <Room Key="1" />
    </Resources>
    <Attribute Key="Description" Value="To discuss implementation of new RadScheduler features:&#xA;&lt;ul&gt;&#xA;    &lt;li&gt;client side binding; &lt;/li&gt;&#xA;    &lt;li&gt;visual clue for non-visible appointments;&amp;nbsp; &lt;/li&gt;&#xA;    &lt;li&gt;context &lt;strong&gt;menus&lt;/strong&gt;; &lt;/li&gt;&#xA;&lt;/ul&gt;" />
    <Attribute Key="DescriptionPlainText" Value="To discuss implementation of new RadScheduler features:  &#xA;client side binding;  &#xA;visual clue for non-visible appointments;   &#xA;context menus;" />
    <Attribute Key="AppointmentColor" Value="-6838473" />
  </Appointment>
  <Appointment>
    <ID>2</ID>
    <Subject>Personal</Subject>
    <Description>&lt;span style="background-color: #ff0000; text-decoration: underline;"&gt;&lt;/span&gt;</Description>
    <Start>2007-03-30T09:00Z</Start>
    <End>2007-03-30T10:30Z</End>
    <Resources>
      <User Key="1" />
    </Resources>
    <Attribute Key="Description" Value="&lt;span style=&quot;background-color: #ff0000; text-decoration: underline;&quot;&gt;&lt;/span&gt;" />
    <Attribute Key="AppointmentColor" Value="-4818897" />
  </Appointment>
  <Appointment>
    <ID>3</ID>
    <Subject>Meeting</Subject>
    <Start>2007-03-28T06:00Z</Start>
    <End>2007-03-28T08:00Z</End>
    <Resources>
      <User Key="2" />
    </Resources>
    <Attribute Key="Description" Value="Guided tour for the investors." />
  </Appointment>
  <Appointment>
    <ID>4</ID>
    <Subject>Meeting</Subject>
    <Start>2007-03-26T08:00Z</Start>
    <End>2007-03-26T10:00Z</End>
    <Resources>
      <User Key="1" />
      <User Key="2" />
    </Resources>
    <Attribute Key="Description" Value="Construction documentation review." />
  </Appointment>
</Appointments>