<?xml version="1.0" encoding="utf-8" ?>
<localization>
	<string id="NoPermission">U heeft geen toegang tot deze pagina, of uw cookie is verlopen.<br />Vernieuw a.u.b. de pagina!</string>
	<string id="Uploading">Uploading...</string>
	<string id="Deleting">Verwijderen...</string>
	<string id="CREATE_NOT_ALLOWED_ALERT">Toevoegen is niet toegestaan.</string>
	<string id="DELETE_NOT_ALLOWED_ALERT">Verwijderen is niet toegestaan.</string>
	<string id="DELETE_FILE_ALERT">Weet u zeker dat u dit bestand wilt verwijderen?</string>
	<string id="DELETE_FOLDER_ALERT">Als u deze map verwijderd worden alle bestanden ook verwijderd.\nWilt u doorgaan?</string>
	<string id="DELETE_NONE_ALERT">Selecteer een bestand of map om te verwijderen.</string>
	<string id="FOLDER_ITEMS"> bestanden</string>
	<string id="BORDER_SIZE_OVERFLOW">De opgegeven mapgrootte is groter dan toegestaan.</string>
	<string id="Refresh">Vernieuw</string>
	<string id="NewFolder">Nieuwe map</string>
	<string id="Directory">Map:</string>
	<string id="File">Bestand:</string>
	<string id="NoteMaxSize">Maximale bestandsgrootte</string>
	<string id="NoteFileExtensions">Toegestane bestandtypes</string>
	<string id="Insert">Invoegen</string>
	<string id="OK">OK</string>
	<string id="Delete">Verwijderen</string>
	<string id="Close">Sluiten</string>
	<string id="Upload">Laden</string>
	<string id="AddCustomColor">Voeg kleur toe...</string>
	<string id="AddHexColor">Voeg Hex kleur toe...</string>
	<string id="BackgroundImage">Achtergrond afbeelding</string>
	<string id="Update">Bijwerken</string>
	<string id="Cancel">Annuleren</string>
	<string id="BuildStyle">Bouw stijl</string>
	<string id="CellCss">Cel CSS</string>
	<string id="TableCss">Tabel CSS</string>
	<string id="CssClass">CSS Klasse:</string>
	<string id="ClearStyle">Stijl verwijderen</string>
	<string id="Width">Breedte</string>
	<string id="Height">Hoogte</string>
	<string id="Id">Id:</string>
	<string id="CreateThumbnail">Maak pictogram</string>
	<string id="NewImageName">Nieuwe afbeeldingsnaam</string>
	<string id="DimentionUnit">Eenheid</string>
	<string id="Pixel">Pixel</string>
	<string id="Percent">Percentage</string>
	<string id="ConstrainProportions">Verhoudingen behouden?</string>
	<string id="OverwriteExisting">Bestaande bestanden met deze naam vervangen?</string>
	<string id="Create">Aanmaken</string>
	<string id="MessageTargetExists">Een bestand met deze naam bestaat al en u heeft aangegeven deze niet te vervangen!</string>
	<string id="MessageSourceDoesNotExist">Het bronbestand bestaat niet!</string>
	<string id="MessageSourceNotLocal">Het aangegeven conversie bestand staat op een andere server!</string>
	<string id="MessageCannotWriteToFolder">Kan de doelmap niet overschrijven!</string>
	<string id="MessageNoValidDimensions">Geef a.u.b. een geldige afbeeldingsgrootte op.</string>
	<string id="NoPermissionsToDeleteFolder">De opgegeven map kon niet verwijderd worden omdat er onvoldoende toegangsrecht op de map is ingesteld. Neem contact op met de beheerder.</string>
	<string id="NoPermissionsToDeleteFile">Het opgegeven bestand kon niet verwijderd worden omdat er onvoldoende toegangsrecht op het bestand is ingesteld. Neem contact op met de beheerder.</string>
	<string id="NoPermissionsToCreateFolder">De opgegeven map kon niet aangemaakt worden omdat er onvoldoende toegangsrecht is ingesteld. Neem contact op met de beheerder.</string>
	<string id="NoPermissionsToUploadFile">Het opgegeven bestand kon niet geladen worden omdat er onvoldoende toegangsrecht is ingesteld. Neem contact op met de beheerder.</string>
	<string id="ImageAltText">Alternatieve tekst:</string>
	<string id="_blank">Nieuw venster</string>
	<string id="_self">Eigen venster</string>
	<string id="_parent">Bovenliggend venster</string>
	<string id="_top">Volledig venster</string>
	<string id="_search">Zoek venster</string>
	<string id="_media">Media venster</string>
	<string id="InvalidCharactersInPath">Ongeldige karakters in de mapnaam.</string>
	<string id="DirectoryDeleted">Deze map is verwijderd van de server. De mappenlijst wordt vernieuwd.</string>
	<string id="Megabytes">MB</string>
	<string id="Kilobytes">KB</string>
	<string id="bytes">bytes</string>
	<string id="OrderExtension">Type</string>
	<string id="OrderName">Naam</string>
	<string id="OrderSize">Grootte</string>
	<string id="FileReadOnly">Het bestand dat u wilt verwijderen is alleen-lezen. Neem contact op met de beheerder.</string>
	<string id="ROOT_CANNOT_BE_DELETED_ALERT">De root-map kan niet verwijderd worden!</string>
</localization>