<?xml version="1.0" encoding="utf-8" ?> 
<localization>
	<string id="Title">Document Manager</string>
	<string id="ConfirmDelete">Weet u zeker dat u het opgegeven bestand wilt verwijderen?\nHet bestand is mogelijk in gebruik.\nKlik \"OK\" om te bevestigen.</string>
	<string id="Alertfile">Geef een documentnaam op voor het te laden document!</string>
	<string id="Alertvalid">Geef een geldig document op om te laden!</string>
	<string id="Alertexists">Een document met deze naam bestaat al in de doelmap!</string>
	<string id="MessageNothingPost">Selecteer een document!</string>
	<string id="MessageValid">Selecteer een geldig document!</string>
	<string id="MessageSize">Het opgegeven document is groter dan toegestaan!</string>
	<string id="Tab1HeaderText">Bladeren</string>
	<string id="Tab2HeaderText">Upload Document</string>
	<string id="DocumentDirectory">Documentmap:</string>
	<string id="DocumentFile">Bestand:</string>
	<string id="Tooltip">Tooltip:</string>
	<string id="Target">Doel:</string>
	<string id="Note">Notitie:</string>
	<string id="SelectDirectory">Selecteer een map</string>
	<string id="ShowProperties">Toon het eigenschappen venster</string>
	<string id="ChooseFileToInsert">Selecteer een bestand om in te voegen</string>
	<string id="NoDocumentSelectedToInsert">Selecteer een document om in te voegen!</string>
</localization>