<?xml version="1.0" encoding="utf-8" ?> 
<localization>
	<string id="Title">Zoek &amp; Vervang</string>
	<string id="Tab1HeaderText">Zoek</string>
	<string id="Tab2HeaderText">Vervang</string>
	<string id="SearchText">Zoek:</string>
	<string id="FindNext">Volgende</string>
	<string id="Replace">Vervang</string>
	<string id="ReplacementText">Vervang door:</string>
	<string id="ReplaceAll">Vervang alles</string>
	<string id="SearchIn">Zoek:</string>
	<string id="SearchEntireText">Volledige tekst</string>
	<string id="SearchSelection">Selectie</string>
	<string id="SearchDirection">Zoekrichting:</string>
	<string id="MatchCase">Identieke hoofdletters/kleine letters</string>
	<string id="WholeWordsOnly">Heel woord</string>
	<string id="SearchUp">Naar boven</string>
	<string id="SearchDown">Naar beneden</string>
	<string id="OK">OK</string>
	<string id="Cancel">Annuleren</string>
	<string id="SearchCriteriaNotSpecified">Er is geen zoekcriterium opgegeven</string>
	<string id="NoSearchTarget">Er is geen tekst om te doorzoeken.</string>
	<string id="FinishedSearching">r.a.d.editor heeft de tekst doorzocht</string>
	<string id="AndHasMade">en</string>
	<string id="Replacements">stukken vervangen.</string>
</localization>