<?xml version="1.0" encoding="utf-8" ?> 
<localization>
	<string id="Title">Flash Manager</string>
	<string id="Update">Bijwerken</string>
	<string id="SelectFlash">Selecteer flash</string>
	<string id="Customh">Aangepast - </string>
	<string id="PromptColor">Geef een aangepaste HEX kleurwaarde:</string>
	<string id="AlertWidthHeight">Geef de hoogte en breedte op van het flash bestand!</string>
	<string id="AlertClassID">Selecteer een stijl!</string>
	<string id="ConfirmDelete">Weet u zeker dat u het geselecteerd bestand wilt verwijderen?\nHet bestand is mogelijk in gebruik.\nKlik \"OK\" om door te gaan.</string>
	<string id="Alertfile">Selecteer een flash bestand om te laden!</string>
	<string id="Alertexists">Er bestaat al een flash bestand met deze naam!</string>
	<string id="MessageNothingPost">Selecteer een flash bestand!</string>
	<string id="MessageValid">Selecteer een geldig flash bestand!</string>
	<string id="MessageSize">Het geselecteerde bestand is groter dan toegestaan!</string>
	<string id="Tab1HeaderText">Bladeren</string>
	<string id="Tab2HeaderText">Flash laden</string>
	<string id="FlashFile">Bestand:</string>
	<string id="SpecifyClassID">Selecteer klasse id:</string>
	<string id="Yes">Ja</string>
	<string id="No">Nee</string>
	<string id="ClassID">Klasse ID:</string>
	<string id="FlashVersion">Flash versie:</string>
	<string id="Width">Breedte:</string>
	<string id="Height">Hoogte:</string>
	<string id="Quality">Kwaliteit:</string>
	<string id="High">Hoog</string>
	<string id="Medium">Gemiddeld</string>
	<string id="Low">Laag</string>
	<string id="Play">Speel:</string>
	<string id="Loop">Loop:</string>
	<string id="FlashMenu">Flash Menu:</string>
	<string id="HTMLAlign">HTML uitlijning:</string>
	<string id="Baseline">Basislijn</string>
	<string id="Bottom">Onder</string>
	<string id="Left">Links</string>
	<string id="Middle">Midden</string>
	<string id="Right">Rechts</string>
	<string id="TextTop">Top van Tekst</string>
	<string id="Top">Boven</string>
	<string id="FlashAlign">Flash uitlijning:</string>
	<string id="LeftTop">Linksboven</string>
	<string id="LeftCenter">Links gecentreerd</string>
	<string id="LeftBottom">Linksonder</string>
	<string id="RightTop">Rechtsboven</string>
	<string id="RightCenter">Rechts gecentreerd</string>
	<string id="RightBottom">Rechtsonder</string>
	<string id="CenterTop">Middenboven</string>
	<string id="CenterCenter">Midden gecentreerd</string>
	<string id="CenterBottom">Midden onder</string>
	<string id="BackgroundColor">Achtergrond kleur:</string>
	<string id="NoColor">Geen kleur</string>
	<string id="Black">Zwart</string>
	<string id="Blue">Blauw</string>
	<string id="Green">Groen</string>
	<string id="Orange">Oranje</string>
	<string id="Red">Rood</string>
	<string id="White">Wit</string>
	<string id="Yellow">Geel</string>
	<string id="Custom">Aangepast</string>
	<string id="NoteClassID"><b>Notitie:</b> Als u de exacte klasse weet voor deze flash animatie, plaats deze dan a.u.b. in het bovenstaande veld inclusief voorzetsel (vb. \"clsid:\").</string>
	<string id="SwitchToPreviewMode">Spring naar voorbeeld</string>
	<string id="ChooseFileToInsert">Selecteer een bestand om in te voegen</string>
	<string id="Transparent">Transparant</string>
	<string id="NoFlashSelectedToInsert">Selecteer een flash bestand om in te voegen!</string>
</localization>