﻿<?xml version="1.0" encoding="utf-8" ?> 
<localization>

	<string id="PasteSourceCode">Plak de broncode hieronder:</string>
	<string id="CodeLanguage">Code taal</string>
	<string id="SnippetMaxHeight">Snippet maximum hoogte</string>
	<string id="ShowLineNumbers">Toon regelnummers</string>
	<string id="SnippetMaxWidth">Snippet maximum breedte</string>
	<string id="Preview">Voorbeeld</string>
	<string id="PreviewCode">Code voorbeeld</string>
	<string id="Working">Bezig ...</string>
</localization>