<?xml version="1.0" encoding="utf-8" ?> 
<localization>
	<string id="AreaFieldSet">Selecteer de eigenschappen</string>
	<string id="ImageFieldSet">Afbeeldingseigenschappen</string>
	<string id="Update">Hotspot bijwerken</string>
	<string id="Remove">Hotspot verwijderen</string>
	<string id="RemoveAll">Alles verwijderen</string>
	<string id="NewArea">Hotspot maken</string>
	<string id="Left">Links</string>
	<string id="Top">Boven</string>
	<string id="Width">Breedte</string>
	<string id="Height">Hoogte</string>
	<string id="Url">URL</string>
	<string id="Target">Doel</string>
	<string id="Comment">Commentaar</string>
	<string id="ImageSrc">Doel</string>
	<string id="AlertInvalidProperties">Ongeldige eigenschap!</string>
	<string id="AlertInvalidAreaProperties">Ongeldige hotspot eigenschap. Geef een URL op.</string>
	<string id="AlertDeleteArea">Weet u zeker dat u deze hotspot wilt verwijderen.</string>
	<string id="AlertDeleteAllAreas">Weet u zeker dat u alle hotspots wilt verwijderen.</string>
	<string id="AlertWrongAreaDimensions">U heeft ongeldige dimensies opgegeven. Deze hotspot wordt overgeslagen.</string>	
	<string id="ShapeAlt">Sleep de rechteronderhoek om de grootte aan te passen.</string>
	<string id="HowToAdd">Sleep over de afbeelding om een nieuwe hotspot te maken.</string>
	<string id="RectangleShapeName">Rechthoek</string>
	<string id="CircleShapeName">Cirkel</string>
	<string id="PolygonShapeName">Veelhoek</string>
	<string id="SelectImage">Selecteer een afbeelding om een hotspot aan toe te voegen.</string>
	<string id="_blank">Nieuw venster</string>
	<string id="_self">Eigen venster</string>
	<string id="_parent">Bovenliggend venster</string>
	<string id="_top">Volledig venster</string>
	<string id="_search">Zoek venster</string>
	<string id="_media">Media venster</string>
</localization>