<?xml version="1.0" encoding="utf-8" ?> 
<localization>
	<string id="Title">Image Manager</string>
	<string id="ConfirmLink">Koppel pictogram aan deze afbeelding?</string>
	<string id="ConfirmDelete">Weet u zeker dat u het geselecteerde bestand wilt verwijderen?\nDit bestand is mogelijk in gebruik.\nKlik \"OK\" om door te gaan.</string>
	<string id="AlertImage">Selecteer een afbeelding om te laden!</string>
	<string id="AlertExists">Deze bestandsnaam bestaat al in de doelmap!</string>
	<string id="AlertDimensions">Geef a.u.b. minimaal de hoogte of breedte van het pictogram op.</string>
	<string id="AlertWidth">Selecteer een geldige afbeelding breedte.</string>
	<string id="AlertHeight">Selecteer een geldige afbeelding hoogte.</string>
	<string id="MessageNothingPost">Selecteer een afbeelding!</string>
	<string id="MessageValid">Selecteer een geldig bestandstype!</string>
	<string id="MessageSize">Het geselecteerde bestand is groter dan toegestaan!</string>
	<string id="MessagePermission">U heeft geen toegang tot de pagina of uw cookie is verlopen!<br/>Vernieuw a.u.b. de pagina!</string>
	<string id="Tab1HeaderText">Bladeren</string>
	<string id="Tab2HeaderText">Laden</string>
	<string id="ImageFile">Afbeelding:</string>
	<string id="ImageURL">URL:</string>
	<string id="Preview">Voorbeeld</string>
	<string id="Loading">Bezig...</string>
	<string id="CreateThumbnail">Maak pictogram:</string>
	<string id="Yes">Ja</string>
	<string id="No">Nee</string>
	<string id="Width">Breedte:</string>
	<string id="Height">Hoogte:</string>
	<string id="Constrain">Beperking</string>
	<string id="KeepOriginalImage">Behoud oorspronkelijke afbeelding:</string>
	<string id="LoadingImagePrompt">Afbeelding laden. Een moment geduld a.u.b...</string>
	<string id="BestFit">Best passend</string>
	<string id="ActualSize">Normaal formaat</string>
	<string id="ZoomIn">Inzoomen</string>
	<string id="ZoomOut">Uitzoomen</string>
	<string id="ChooseFileToInsert">Selecteer een bestand om in te voegen.</string>
	<string id="CreateThumbnailIconTitle">Maak pictogram</string>
	<string id="LinkToOriginal">Link naar het origineel</string>
	<string id="OpenOriginalInBlank">Open origineel en een nieuw venster</string>
	<string id="NoImageSelectedToInsert">Selecteer een afbeelding om in te voegen!</string>
</localization>