<?xml version="1.0" encoding="utf-8" ?> 
<localization>
	<string id="Title">Hyperlink Manager</string>
	<string id="Tab1HeaderText">Hyperlink</string>
	<string id="Tab2HeaderText">Anker</string>
	<string id="Tab3HeaderText">E-mail</string>
	<string id="LinkUrl">URL:</string>
	<string id="LinkType">Type:</string>
	<string id="Other">anders</string>
	<string id="LinkTarget">Doel:</string>
	<string id="Target">Doel</string>
	<string id="LinkTooltip">Tooltip:</string>
	<string id="LinkName">Naam:</string>
	<string id="LinkAddress">Adres:</string>
	<string id="LinkSubject">Onderwerp:</string>
	<string id="OK">OK</string>
	<string id="Cancel">Annuleren</string>
	<string id="CssClass">CSS Klasse:</string>
	<string id="AnchorCss">Link CSS</string>
	<string id="LinkText">Link Tekst:</string>
	<string id="ClearStyle">Geen Class</string>
	<string id="LinkToAnchor">Bestaand anker:</string>
	<string id="AnchorNone">Geen</string>	
</localization>