<?xml version="1.0" encoding="utf-8" ?>
<localization>
	<string id="IncreaseSize">Vergroten</string>
	<string id="DecreaseSize">Verkleinen</string>
	<string id="PageProperties">Pagina eigenschappen</string>
	<string id="ConvertToUpper">Omzetten naar hoofdletters</string>
	<string id="ConvertToLower">Omzetten naar kleine letters</string>
	<string id="RealFontSize">Werkelijke lettergrootte</string>	
	<string id="DropdownToolbar">Keuzelijsten</string>
	<string id="ImageMapDialog">Hotspot manager</string>
	<string id="FormatCodeBlock">Code blok opmaken</string>
	<string id="EnhancedEditToolbar">Bewerken</string>
	<string id="InsertToolbar">Invoegen</string>
	<string id="DialogToolbar">Dialoogschermen</string>
	<string id="MainToolbar">Standaard werkbalk</string>
	<string id="TableToolbar">Tabel</string>		
	<string id="Print">Afdrukken</string>
	<string id="SpellCheck">Spellingcontrole</string>
	<string id="AjaxSpellCheck">AJAX spellingcontrole</string>
	<string id="PasteFromWord">Plakken uit Word</string>
	<string id="PasteFromWordNoFontsNoSizes">Plakken uit Word zonder letteropmaak</string>
	<string id="PastePlainText">Platte tekst plakken</string>
	<string id="PasteAsHtml">Plakken als HTML</string>
	<string id="AbsolutePosition">Absolute positie instellen</string>
	<string id="CreateLink">Link aanmaken</string>
	<string id="Unlink">Remove Link</string>
	<string id="InsertGroupbox">Groepbox invoegen</string>
	<string id="InsertFormElement">Formulierveld invoegen</string>
	<string id="InsertOrderedList">Genummerde lijst</string>
	<string id="InsertUnorderedList">Opsommingtekens</string>
	<string id="InsertParagraph">Nieuwe alinea</string>
	<string id="ModuleManager">Module manager</string>
	<string id="Help">Help</string>
	<string id="InsertSnippet">Voeg codefragment in</string>
	<string id="ToggleScreenMode">Wissel naar volledige scherm modus</string>
	<string id="ToggleDocking">Alle zwevende werkbalken positioneren</string>
	<string id="Zoom">Zoom</string>
	<string id="InsertCustomLink">Aangepaste links</string>
	<string id="ApplyClass">Stijlelement</string>
	<string id="InsertDate">Datum invoegen</string>
	<string id="InsertTime">Tijd invoegen</string>
	<string id="Bold">Vet</string>
	<string id="Italic">Cursief</string>
	<string id="Underline">Onderstreept</string>
	<string id="Cut">Knippen</string>
	<string id="Copy">Kopiren</string>
	<string id="Paste">Plakken</string>
	<string id="JustifyLeft">Links uitlijnen</string>
	<string id="JustifyCenter">Centreren</string>
	<string id="JustifyRight">Rechts uitlijnen</string>
	<string id="JustifyFull">Uitvullen</string>
	<string id="JustifyNone">Uitlijning verwijderen</string>
	<string id="Indent">Inspringen vergroten</string>
	<string id="Outdent">Inspringen verkleinen</string>
	<string id="Subscript">Subscript</string>
	<string id="Superscript">Superscript</string>
	<string id="StrikeThrough">Doorstrepen</string>
	<string id="InsertHorizontalRule">Horizontale streep</string>
	<string id="Undo">Ongedaan maken</string>
	<string id="Redo">Opnieuw</string>
	<string id="FontName">Lettertype</string>
	<string id="FontSize">Grootte</string>
	<string id="ForeColor">Voorgrond</string>
	<string id="BackColor">Achtergrond</string>
	<string id="InsertRowAbove">Rij invoegen boven</string>
	<string id="InsertRowBelow">Rij invoegen onder</string>
	<string id="DeleteRow">Rij verwijderen</string>
	<string id="InsertColumnLeft">Kolom invoegen links</string>
	<string id="InsertColumnRight">Kolom invoegen rechts</string>
	<string id="DeleteColumn">Kolom verwijderen</string>
	<string id="MergeColumns">Horizontaal samenvoegen</string>
	<string id="MergeRows">Verticaal samenvoegen</string>
	<string id="SplitCell">Cellen splitsen</string>
	<string id="DeleteCell">Cellen verwijderen</string>
	<string id="DeleteTable">Tabel verwijderen</string>
	<string id="SetCellProperties">Celeigenschappen</string>
	<string id="SetTableProperties">Tabel eigenschappen</string>
	<string id="ToggleTableBorder">Randen aan/uit</string>
	<string id="SetImageProperties">Afbeeldingeigenschappen</string>
	<string id="SetLinkProperties">Link eigenschappen</string>
	<string id="FormatBlock">Alinea stijl</string>
	<string id="InsertSymbol">Symbool invoegen</string>
	<string id="FormatStripper">Opmaak verwijderen</string>
	<string id="InsertTable">Tabel invoegen</string>
	<string id="ImageManager">Afbeelding manager</string>
	<string id="FlashManager">Flash manager</string>
	<string id="MediaManager">Media manager</string>
	<string id="DocumentManager">Document manager</string>
	<string id="FindAndReplace">Zoek en vervang</string>
	<string id="LinkManager">Hyperlink manager</string>
	<string id="AboutDialog">Over r.a.d.editor</string>
	<string id="TemplateManager">Sjabloon manager</string>
	<string id="FileOpen">Open bestand..</string>
	<string id="FileSaveAs">Opslaan als...</string>
	<string id="RADEDITOR_DESIGN_MODE">Ontwerp</string>
	<string id="RADEDITOR_HTML_MODE">HTML</string>
	<string id="RADEDITOR_PREVIEW_MODE">Voorbeeld</string>
	<string id="ClearFormatting">Opmaak verwijderen</string>
	<string id="ClearAllHtmlTags">Alle HTML opmaak</string>
	<string id="ClearWordFormatting">Word opmaak</string>
	<string id="ClearCssFormatting">Style elementen</string>
	<string id="ClearFontTags">Lettertype opmaak</string>
	<string id="ClearSpanTags">Span elementen</string>
	<string id="CellProperties">Cell eigenschappen</string>
	<string id="Class">CSS Klasse</string>	
	<string id="ToolNotSupportedByNetscape">Deze tool word niet ondersteund door Mozilla / Netscape.</string>	
	
	<string id="AddCustomHexColor">Hex kleur toevoegen...</string>
	<string id="AddCustomColor">Aangepaste kleur...</string>
	<string id="PromptColor">Geef een geldige HEX kleur op:</string>				
	<string id="ClearStyle">Stijl verwijderen</string>
	<string id="CancelTable">Annuleren</string>
	<string id="TableWizard">Tabel wizard</string>	
	<string id="UpdateButton">Bijwerken</string>
	<string id="CancelButton">Annuleren</string>
	<string id="TableWarning">Selecteer een tabel om de eigenschappen in te stellen!</string>
	<string id="CellWarning">Selecteer een cel om de eigenschappen in te stellen!</string>
	<string id="ImageMapWarning">Selecteer een afbeelding om hotspots in te stellen!</string>	
	<string id="Table">Tabel</string>
	<string id="HtmlMode">HTML modus</string>
	<string id="ToolbarCaption">r.a.d.editor werkbalk</string>
	<string id="ShowToolbarTooltip">Toon werkbalk</string>
	<string id="IndentHtml">HTML inspringen</string>
	<string id="RepeatLastCommand">Herhaal laatste opdracht</string>
	<string id="ResizeCommand">Grootte instellen</string>
	<string id="MoveCommand">Verplaats</string>	
	<string id="UseCtrl_C">Gebruik a.u.b. Ctrl+C om te kopi�ren</string>
	<string id="UseCtrl_V">Gebruik a.u.b. Ctrl+V om te plakken</string>
	<string id="UseCtrl_X">Gebruik a.u.b. Ctrl+X om te knippen</string>
	<string id="SetHtml">Stel HTML in</string>
	<string id="CorrectSpelling">Spelling controle</string>
	<string id="Typing">Typen...</string>
	<string id="StripAll">Alle opmaak verwijderen</string>
	<string id="StripCss">CSS opmaak verwijderen</string>
	<string id="StripFont">Lettertype opmaak verwijderen</string>
	<string id="StripSpan">SPAN elementen verwijderen</string>
	<string id="StripWord">Word opmaak verwijderen</string>
	<string id="InsertFormForm">Formulier invoegen</string>
	<string id="InsertFormButton">Knop invoegen</string>
	<string id="InsertFormCheckbox">Keuzevak invoegen</string>
	<string id="InsertFormHidden">Verborgen veld invoegen</string>
	<string id="InsertFormSelect">Keuzelijst invoegen</string>
	<string id="InsertFormRadio">Optielijst invoegen</string>
	<string id="InsertFormPassword">Wachtwoordveld invoegen</string>	
	<string id="InsertFormReset">Resetknop invoegen</string>		
	<string id="InsertFormSubmit">Verzenden toevoegen</string>
	<string id="InsertFormText">Tekstvak invoegen</string>
	<string id="InsertFormTextarea">Tekstgebied invoegen</string>		
	<string id="FormForm">Formulier</string>	
	<string id="FormButton">Knop</string>
	<string id="FormCheckbox">Keuzevak</string>
	<string id="FormHidden">Verborgen veld</string>
	<string id="FormSelect">Keuzelijst</string>
	<string id="FormRadio">Optielijst</string>
	<string id="FormPassword">Wachtwoordveld</string>
	<string id="FormReset">Herstel</string>
	<string id="FormSubmit">Verzend</string>
	<string id="FormText">Tekstvak</string>
	<string id="FormTextarea">Tekstgebied</string>
	<string id="SelectAll">Alles selecteren</string>
	<string id="InsertAnchor">Anker invoegen</string>
	<string id="InsertEmailLink">Email invoegen</string>
	<string id="AskWordCleaning">De tekst die u wilt plakken bevat MS Word opmaak.\nWilt u deze opmaak verwijderen?</string>
	
	 
<string id="SpellCheckEnd">De tekst is gecontroleerd</string> 
<string id="SpellCheckComplete">Spellingcontrole is gereed!</string> 
<string id="SpellingChange">Spelling aanpassen</string> 
<string id="NoSuggestions">(geen suggesties)</string> 
<string id="ChangeWordString">Handmatig aanpassen</string> 
<string id="IgnoreAllString">Alles annuleren</string> 
<string id="IgnoreString">Negeren</string> 
<string id="MoreThanOnceMessage">Dit woord komt meerdere keren voor in uw tekst. Wilt u alle woorden aanpassen?</string> 
<string id="UndoDisabledMessage">U kunt niet verder ongedaan maken terwijl u spellingcontrole toepast. Maak eerst de spellingcontrole af.</string> 
<string id="AddToDictionary">Toevoegen aan bibliotheek</string>

<string id="AddCustomWordSuccess">met succes aan de bibliotheek toegevoegd.</string>
<string id="SpellingInProgress">Spellingcontrole wordt uitgevoerd...</string>
<string id="SpellingMode">Spellingcontrole. Verkeerd gespelde woorden hebben een gele achtergrond.</string>
<string id="NoSpellingMistakes">Geen spelfouten gevonden.</string>
<string id="Templates">Sjablonen</string>

</localization>