﻿<?xml version="1.0" encoding="utf-8" ?> 
<localization>
	<string id="Title">Media Manager</string>
	<string id="NoPermission">U heeft geen toegang tot deze pagina of uw cookie is verlopen!<br />Vernieuw a.u.b. deze pagina!</string>
	<string id="SelectMedia">Selecteer media</string>
	<string id="Update">Bijwerken</string>
	<string id="Description"><br/><b>Omschrijving: </b></string>
	<string id="Yes">Ja</string>
	<string id="No">Nee</string>
	<string id="Black">Zwart</string>
	<string id="Blue">Blauw</string>
	<string id="Green">Groen</string>
	<string id="Orange">Oranje</string>
	<string id="Red">Rood</string>
	<string id="White">Wit</string>
	<string id="Yellow">Geel</string>
	<string id="Custom">Aangepast</string>
	<string id="Customh">Aangepast - </string>
	<string id="PromptColor">Geef a.u.b. een geldige HEX kleur op:</string>
	<string id="Note"><br/><b>Notitie: </b></string>
	<string id="NA">n.v.t.</string>
	<string id="AlertValue">Geef a.u.b. een geldige waarde op!</string>
	<string id="AlertWidthHeight">Geef a.u.b. de hoogte en breedte op van het mediabestand!</string>
	<string id="ConfirmDelete">Weet u zeker dat u het geselecteerde bestand wilt verwijderen?\nHet bestand is mogelijk in gebruik.\nKlik \"OK\" om te bevestigen.</string>
	<string id="AlertFile">Selecteer een bestand om te laden!</string>
	<string id="AlertExists">Deze bestandsnaam bestaat al in de doelmap!</string>
	<string id="MessageNothingPost">Selecteer een mediabestand!</string>
	<string id="MessageValid">Selecteer een geldig mediabestand!</string>
	<string id="MessageSize">Het geselecteerde bestand is groter dan toegestaan!</string>
	<string id="Tab1HeaderText">Bladeren</string>
	<string id="Tab2HeaderText">Upload</string>
	<string id="MediaFile">Bestand:</string>
	<string id="Width">Breedte:</string>
	<string id="Height">Hoogte:</string>
	<string id="Align">Uitlijning:</string>
	<string id="Baseline">Basislijn</string>
	<string id="Bottom">Onder</string>
	<string id="Left">Links</string>
	<string id="Middle">Midden</string>
	<string id="Right">Rechts</string>
	<string id="TextTop">Top van de tekst</string>
	<string id="Top">Boven</string>
	<string id="Properties">Eigenschappen:</string>
	<string id="SelectProperty">Selecteer een eigenschap</string>
	<string id="Value">Waarde:</string>
	<string id="AllowChangeDisplaySize">Met deze eigenschap stelt u in of de grote van het mediabestand door de gebruiker kan worden aangepast.</string>
	<string id="AllowScan">Deze eigenschap stelt in of scanning (vooruit en achteruit spoelen) is toegestaan.</string>
	<string id="AnimationAtStart">Met deze eigenschap stelt u in of deze animatie moet starten nog voordat de eerste afbeelding geladen is.</string>
	<string id="AudioStream">Deze eigenschap stelt het streamnummer in van dit mediabestand.</string>
	<string id="AutoRewind">Deze eigenschap stelt in dat de media player automatisch naar het begin van het mediabestand terugkeert nadat deze is afgespeelt of geannuleerd.</string>
	<string id="AutoSize">Deze eigenschap stelt in dat de media player automatisch de groote zoals ingesteld bij <B>displaysize</B> overneemt.</string>
	<string id="AutoStart">Met deze eigenschap stelt u in dat het mediabestand automatisch moet starten.</string>
	<string id="Balance">Met deze eigenschap stelt u de stereo balans in.</string>
	<string id="CCActive">Met deze eigenschap stelt u closed capturing in.</string>
	<string id="ClickToPlay">Met deze eigenschap stelt u in dat de gebruiker het mediabestand kan starten of stoppen door er op te klikken.</string>
	<string id="ColorKey">Met deze eigenschap wordt de kleur van de DVD playback ingesteld.</string>
	<string id="CurrentAngle">Met deze eigenschap stelt u de camerahoek van het mediafragment in.</string>
	<string id="CurrentAudioStream">Met deze eigenschap stelt u de audio stream in.</string>
	<string id="CurrentCCService">Met deze eigenschap stelt u de huidige closed capture service in.</string>
	<string id="CurrentMarker">Met deze eigenschap stelt u de huidige marker in.</string>
	<string id="CurrentPosition">Deze eigenschap geeft de huidige afspeelpositie van het mediabestand aan.</string>
	<string id="CurrentSubpictureStream">Deze eigenschap stelt de huidige subafbeelding in de videostream in.</string>
	<string id="CursorType">Met deze eigenschap stelt u de cursor in.</string>
	<string id="DefaultFrame">Deze eigenschap stelt het standaard doelframe in.</string>
	<string id="DisplayBackColor">Met deze eigenschap stelt u de achtergrondkleur in van het afspeelvenster.</string>
	<string id="DisplayForeColor">Met deze eigenschap stelt u de voorgrondkleur in van het afspeelvenster.</string>
	<string id="DisplayMode">Met deze eigenschap stelt u in of de statusbalk de afspeelpositie in secondes weergeeft (Yes) of frames (No).</string>
	<string id="DisplaySize">Met deze eigenschappen stelt u de grootte van het afspeelvenster in.</string>
	<string id="EnableContextMenu">Met deze eigenschap stelt u in of het rechtermuisknop menu aan of uit staat.</string>
	<string id="Enabled">Met deze eigenschap stelt u in of de media player aan of uit staat.</string>
	<string id="EnableFullScreenControls">Met deze eigenschap stelt u in of media player knoppen laat zien in volledig scherm modus.</string>
	<string id="EnablePositionControls">Met deze eigenschap zet u de afspeelopties aan of uit.</string>
	<string id="EnableTracker">Met deze eigenschap stelt u in of de trackbar aan of uit staat.</string>
	<string id="Hidden">Met deze eigenschap stelt u in of de media speler zichtbaar is in de browster</string>
	<string id="InvokeURLs">Met deze eigenschap zet u URL invoking aan of uit.</string>
	<string id="Language">Met deze eigenschap stelt u in of dit mediabestand gekoppeld moet zijn aan een bepaalde landinstelling / regio.</string>
	<string id="Mute">Met deze eigenschap stelt u in of het geluid aan of uit moet staan.</string>
	<string id="PlayCount">Met deze eigenschap stelt u in hoevaak dit media bestand wordt afgespeelt</string>
	<string id="PreviewMode">Met deze eigenschap stelt u in of media player een voorbeeld laat zien.</string>
	<string id="Rate">Met deze eigenschap stelt u de afspeelsnelheid van de mediabestanden in.</string>
	<string id="SelectionEnd">Met deze eigenschap stelt u in na hoeveel tijd dit media fragment moet worden stopgezet. Deze eigenschap kan pas worden ingesteld nadat de <B>ReadyState</B> eigenschap (read-only) een waarde van 4 heeft.</string>
	<string id="SelectionStart">Met deze eigenschap stelt u in op welk punt het afspelen zal starten.</string>
	<string id="SendErrorEvents">Met deze eigenschap stelt u in of de media speler foutmeldingen terugstuurt naar de browser</string>
	<string id="SendKeyboardEvents">Met deze eigenschap stelt u in of de media player toetsenbord gebeurtenissen opstuurt naar de browser.</string>
	<string id="SendMouseClickEvents">Met deze eigenschap stelt u in of de media player muisklik gebeurtenissen opstuurt naar de browser.</string>
	<string id="SendMouseMoveEvents">Met deze eigenschap stelt u in of de media player muis beweeg gebeurtenissen opstuurt naar de browser.</string>
	<string id="SendOpenStateChangeEvents">Met deze eigenschap stelt u in of de media player open status gebeurtenissen opstuurt naar de browser.</string>
	<string id="SendPlayStateChangeEvents">Met deze eigenschap stelt u in of de media player afspeel status gebeurtenissen opstuurt naar de browser.</string>
	<string id="SendWarningEvents">Met deze eigenschap stelt u in of de media player waarschuwingen opstuurt naar de browser.</string>
	<string id="ShowAudioControls">Met deze eigenschap stelt u in of de audio controle knoppen zichtbaar zijn.</string>
	<string id="ShowCaptioning">Met deze eigenschap stelt u in of het besloten afspeelvenster zichtbaar en actief is.</string>
	<string id="ShowControls">Met deze eigenschap stelt u in of de voortgangsbalk zichtbaar of niet moet zijn.</string>
	<string id="ShowDisplay">Met deze eigenschap stelt u in of het weergave paneel zichtbaar moet zijn.</string>
	<string id="ShowGotoBar">Met deze eigenschap stelt u in of de ga naar functie aan of uit staat.</string>
	<string id="ShowPositionControls">Met deze eigenschap stelt u in of de positie knoppen zichtbaar zijn in het weergave paneel.</string>
	<string id="ShowStatusBar">Met deze eigenschap stelt u in of de statusbalk zichtbaar moet zijn.</string>
	<string id="ShowTracker">Met deze eigenschap stelt u in of de voortgangsbalk zichtbaar moet zijn.</string>
	<string id="SubpictureOn">Met deze eigenschap stelt u in of subafbeeldingen zichtbaar moeten zijn.</string>
	<string id="TransparentAtStart">Met deze eigenschap stelt u in dat media player transparant is wanneer niet wordt afgespeelt.</string>
	<string id="VideoBorder3D">Met deze eigenschap stelt u in of de 3d video randen aan of uit moeten staan.</string>
	<string id="VideoBorderColor">Met deze eigenschap stelt u de kleur in van de videorand.</string>
	<string id="VideoBorderWidth">Met deze eigenschap stelt u de breedte in van de videorand in pixels.</string>
	<string id="Volume">Met deze eigenschap stelt u het volume in van het media bestand.</string>
	<string id="ValidateNumber">Geef a.u.b. een numerieke waarde op.</string>
	<string id="ValidateNumber10000">Geef een getal op tussen –10,000 en 10,000.</string>
	<string id="ValidateNumber10">Geef een getal op tussen –10.00 en 10.00.</string>
	<string id="ValidateNumberHex">Geef a.u.b. een HEX waarde op.</string>
	<string id="ValidateAudio">Geef met een getal van 1 tot 7 de huidige audiostream op, of 0xFFFFFFFF als er geen stream geselecteerd is.</string>
	<string id="ValidateLCID">Geef een LCID getal op dat correspondeert met de regionale settings.</string>
	<string id="None">Geen</string>
	<string id="DefaultCaption1">Standaard. Caption1</string>
	<string id="Caption2">Caption2</string>
	<string id="Text1">Text1</string>
	<string id="Text2">Text2</string>
	<string id="ExtendedDataServices">Extended Data Services (XDS)</string>
	<string id="Nosubpicturestream">Er is geen subafbeelding stream</string>
	<string id="Streamisvalid">De ingestelde stream is geldig</string>
	<string id="Samesize">Dezelfde grootte als de afbeeldingsgrootte</string>
	<string id="HalfSourceImage">W en H zijn de helft van de afbeeldinggrootte</string>
	<string id="DoubleSourceImage">200% van de afbeeldinggrootte</string>
	<string id="EntireScreen">Grootte van het scherm</string>
	<string id="DesignTime">Grootte wordt ingesteld in ontwikkelmodus</string>
	<string id="SixteenthScreen">1/16 van de schermgrootte</string>
	<string id="QuarterScreen">1/4 van de schermgrootte</string>
	<string id="HalfScreen">1/2 van de schermgrootte</string>
	<string id="Arrowhourglass">Standaard pijl en zandloper</string>
	<string id="Standardarrow">Standaard pijl</string>
	<string id="Crosshair">Streepje</string>
	<string id="TextIbeam">Tekst I-beam</string>
	<string id="SlashedCircle">Cirkel</string>
	<string id="Fourpointedarrow">Verplaats icoon</string>
	<string id="DoublepointedNESW">Pijl NE-SW</string>
	<string id="DoublepointedNS">Pijl N-S</string>
	<string id="DoublepointedNWSE">Pijl NW-SE</string>
	<string id="DoublepointedWE">Pijl W-E</string>
	<string id="Verticalarrow">Verticale pijl</string>
	<string id="Hourglass">Zandloper</string>
	<string id="Handpointing">Handje</string>
	<string id="SwitchToPreviewMode">Schakel naar voorbeeld</string>
	<string id="ChooseFileToInsert">Selecteer een bestand om in te voegen</string>
	<string id="NoMediaSelectedToInsert">Selecteer een mediabestand om in te voegen!</string>
</localization>