﻿<?xml version="1.0" encoding="utf-8" ?>
<localization>
	<string id="RadEditorXhtmlValidator">XHTML Validering</string>
	<string id="RadEditorStatistics">Statistiek</string>
	<string id="RadEditorNodeInspector">Eigenschappen controleren</string>
	<string id="RadEditorDomInspector">Tags controleren</string>	
	<string id="RadEditorHtmlInspector">Real-Time HTML weergave</string>
	<string id="StatisticsWords">Woorden:</string>
	<string id="StatisticsCharacters">Tekens:</string>	
	<string id="NodeInspectorSelectedElement">Het geselecteerde element is </string>	
	<string id="NodeInspectorInvalidValue">Ongeldige waarde. Geef een nummer op.</string>	
	<string id="className">Klasse</string>		
	<string id="borderColor">Randkleur</string>	
	<string id="bgColor">Achtergrond</string>	
	<string id="width">Breedte</string>
	<string id="height">Hoogte</string>
	<string id="align">Uitlijning</string>
	<string id="vAlign">Verticale uitlijning</string>
	<string id="cellSpacing">Ruimte tussen cellen</string>
	<string id="cellPadding">Padding in de cel</string>
	<string id="border">Randbreedte</string>
	<string id="noWrap">Niet afbreken</string>
	<string id="value">Waarde</string>
	<string id="id">Id</string>
	<string id="name">Naam</string>
	<string id="href">URL</string>
	<string id="title">ToolTip</string>
	<string id="target">Doel</string>
	<string id="alt">ToolTip</string>
	<string id="_blank">Nieuw venster</string>
	<string id="_self">Eigen venster</string>
	<string id="_parent">Bovenliggend venster</string>
	<string id="_top">Volledig venster</string>
	<string id="_search">Zoek venster</string>
	<string id="_media">Media venster</string>
	<string id="DomInspectorRemoveElement">Element verwijderen</string>
	<string id="NAME">Naam</string>
	<string id="action">Actie</string>	
	<string id="ValidateXHTML">Valideer XHTML</string>
	<string id="ExpandValidator">Rapportagedeel uitklappen</string>
	<string id="Doctype">Selecteer positionering</string>
	<string id="rows">Rijen</string>
	<string id="cols">Kolommen</string>
</localization>