﻿<?xml version="1.0" encoding="utf-8" ?> 
<localization>
	<string id="HTMLAttributes">Pagina eigenschappen</string>
	<string id="PageTitle">Pagina titel</string>
	<string id="Description">Beschrijving</string>
	<string id="Keywords">Kernwoorden</string>
	<string id="Width">Breedte</string>
	<string id="BaseLocation">Basislocatie</string>
	<string id="OK">OK</string>
	<string id="Cancel">Annuleren</string>
	<string id="BodyAttributes">Attributen body</string>
	<string id="BackColor">Achtergrondkleur</string>	
	<string id="TopMargin">Bovenmarge</string>
	<string id="BottomMargin">Ondermarge</string>
	<string id="LeftMargin">Linkermarge</string>
	<string id="RightMargin">Rechtermarge</string>
	<string id="BGImage">Achtergrondafbeelding</string>
	<string id="ClassName">Klasse</string>
	
	
</localization>