<?xml version="1.0" encoding="utf-8" ?> 
<localization>
	<string id="Title">Cel eigenschappen</string>
	<string id="Tab1HeaderText">Cel eigenschappen</string>
	<string id="Dimensions">Dimensies</string>
	<string id="Height">Hoogte:</string>
	<string id="Width">Breedte:</string>
	<string id="ContentAlignment">Uitlijning</string>
	<string id="Horizontal">Horizontaal:</string>
	<string id="Left">Links</string>
	<string id="Center">Gecentreerd</string>
	<string id="Right">Rechts</string>
	<string id="Vertical">Verticaal:</string>
	<string id="Middle">Midden</string>
	<string id="Top">Boven</string>
	<string id="Bottom">Onder</string>
	<string id="Baseline">Basislijn</string>
	<string id="Background">Achtergrond</string>
	<string id="UseColor">Gebruik kleur:</string>
	<string id="Black">Zwart</string>
	<string id="Blue">Blauw</string>
	<string id="Green">Groen</string>
	<string id="Orange">Oranje</string>
	<string id="Red">Rood</string>
	<string id="White">Wit/string>
	<string id="Yellow">Geel</string>
	<string id="Custom">Aangepast</string>
	<string id="Customh">Aangepast - </string>
	<string id="Style">Stijl:</string>
	<string id="MessageStyle">Geef a.u.b. een geldige stijl op.</string>
	<string id="PromptColor">Geef a.u.b. een geldige HEX kleur op:</string>
	<string id="Additional">Optioneel</string>
	<string id="NoWrapping">Geen terugloop</string>
	<string id="InvalidCellWidth">Ongeldige celbreedte.</string>
	<string id="InvalidCellHeight">Ongeldige celhoogte.</string>
</localization>