<?xml version="1.0" encoding="utf-8" ?> 
<localization>
	<string id="Title">Afbeelding eigenschappen</string>
	<string id="Bytes">bytes</string>
	<string id="Customh">Aangepast - </string>
	<string id="PromptColor">Geef a.u.b een geldige HEX kleur op:</string>
	<string id="Tab1HeaderText">Afbeelding eigenschappen</string>
	<string id="Tab2HeaderText">Afbeelding informatie</string>
	<string id="Tab3HeaderText">Maak pictogram</string>
	<string id="BorderWidth">Randbreedte:</string>
	<string id="NoBorder">Geen rand</string>
	<string id="BorderColor">Randkleur:</string>
	<string id="NoColor">Geen kleur</string>
	<string id="Black">Zwart</string>
	<string id="Blue">Blauw</string>
	<string id="Green">Groen</string>
	<string id="Orange">Oranje</string>
	<string id="Red">Rood</string>
	<string id="White">Wit</string>
	<string id="Yellow">Geel</string>
	<string id="Custom">Aangepast</string>
	<string id="ImageAlign">Afbeelding uitlijning:</string>
	<string id="AbsoluteBottom">Absoluut onder</string>
	<string id="AbsoluteMiddle">Absoluut midden</string>
	<string id="Baseline">Basislijn</string>
	<string id="Bottom">Onder</string>
	<string id="Left">Links</string>
	<string id="Middle">Midden</string>
	<string id="Right">Rechts</string>
	<string id="TextTop">Bovenkant tekst</string>
	<string id="Top">Boven</string>
	<string id="ImageWidth">Afbeeldingsbreedte:</string>
	<string id="ImageHeight">Afbeeldingshoogte:</string>
	<string id="ImageSize">Afbeeldingsgrootte:</string>
	<string id="FileName">Bestandsnaam:</string>
	<string id="Constrain">Vergrendelen</string>
	<string id="Width">Breedte:</string>
	<string id="Height">Hoogte:</string>
	<string id="VerticalSpacing">Verticale marge:</string>
	<string id="HorizontalSpacing">Horizontale marge:</string>
	<string id="OK">OK</string>
	<string id="Cancel">Annuleren</string>
	<string id="AddCustomColor">Aangepaste kleur...</string>
	<string id="ImageLongDesc">Lange beschrijving</string>
	<string id="AddHexColor">Hex kleur toevoegen...</string>
	<string id="ChangeImageSrc">Afbeeldingsdoel:</string>
</localization>