<?xml version="1.0" encoding="utf-8" ?> 
<localization>
	<string id="Title">Tabel eigenschappen</string>
	<string id="Tab1HeaderText">Tabel eigenschappen</string>
	<string id="Layout">Opmaak</string>
	<string id="Alignment">Uitlijning:</string>
	<string id="CellSpacing">Ruimte tussen cellen:</string>
	<string id="CellPadding">Padding deze cel:</string>
	<string id="Border">Rand</string>
	<string id="Size">Grootte:</string>
	<string id="Frame">Frame:</string>
	<string id="Allsides">Alle zijden</string>
	<string id="Topside">Alleen boven</string>
	<string id="Bottomside">Alleen onder</string>
	<string id="Topbottom">Boven en onder</string>
	<string id="Rightleft">Links en rechts</string>
	<string id="Lefthand">Alleen links</string>
	<string id="Righthand">Alleen rechts</string>
	<string id="Nosides">Geen randen</string>
	<string id="Rules">Regels:</string>
	<string id="Betweenall">Tussen alle rijen en kolommen</string>
	<string id="Betweengroup">Tussen rijen en kolommen van een groep</string>
	<string id="Betweenrows">Tussen rijen</string>
	<string id="Betweencolumns">Tussen kolommen</string>
	<string id="Norules">Geen regels</string>
	<string id="Dimensions">Afmetingen</string>
	<string id="Height">Hoogte:</string>
	<string id="Width">Breedte:</string>
	<string id="Default">Standaard</string>
	<string id="Left">Links</string>
	<string id="Center">Centreren</string>
	<string id="Right">Rechts</string>
	<string id="Background">Achtergrond</string>
	<string id="UseColor">Kleur:</string>
	<string id="Black">Zwart</string>
	<string id="Blue">Blauw</string>
	<string id="Green">Groen</string>
	<string id="Orange">Oranje</string>
	<string id="Red">Rood</string>
	<string id="White">Wit</string>
	<string id="Yellow">Geel</string>
	<string id="Custom">Aangepast</string>
	<string id="Customh">Aangepast - </string>
	<string id="Update">Bijwerken</string>
	<string id="Cancel">Annuleren</string>
	<string id="CellCss">Tabel CSS</string>
	<string id="CssClass">CSS klasse:</string>
	<string id="Style">Stijl:</string>
	<string id="MessageStyle">Geef a.u.b. een geldige stijl op.</string>
	<string id="PromptColor">Geef a.u.b. een geldige HEX waarde op:</string>
	<string id="Tab2HeaderText">Toegankelijkheid</string>	
	<string id="Sec508HeadingRows">Rij koppen:</string>
	<string id="Sec508HeadingCols">Kolom koppen:</string>
	<string id="Sec508Summary">Samenvatting:</string>
	<string id="Sec508Caption">Tekst:</string>
	<string id="Sec508CaptionAlign">Tekst uitlijning:</string>
	<string id="Sec508AssocCellHeaders">Koppel cellen met koppen</string>
	<string id="TableBorderControlSizeOverflow">U wilt de randbreedte groter dan 1000 maken. Deze wordt ingesteld op 1000.</string>
	<string id="ClearStyle">Geen klasse</string>
</localization>