<?xml version="1.0" encoding="utf-8" ?> 
<localization>
	<string id="Title">Tabel Wizard</string>
	<string id="Tab1HeaderText">Tabelontwerp</string>
	<string id="Tab2HeaderText">Tabeleigenschappen</string>
	<string id="Tab3HeaderText">Celeigenschappen</string>
	<string id="Layout">Opmaak</string>
	<string id="Alignment">Uitlijning:</string>
	<string id="Columns">Kolommen</string>
	<string id="ColumnSpan">Samengevoegde kolommen</string>
	<string id="Rows">Rijen</string>
	<string id="RowSpan">Samengevoegde rijen</string>
	<string id="CellSpacing">Ruimte tussen cellen:</string>
	<string id="CellPadding">Padding van de cel:</string>
	<string id="Border">Rand</string>
	<string id="Size">Grootte:</string>
	<string id="Frame">Frame:</string>
	<string id="Dimensions">Afmetingen</string>
	<string id="Height">Hoogte:</string>
	<string id="Width">Breedte:</string>
	<string id="ContentAlignment">Tekstuitlijning</string>
	<string id="Horizontal">Horizontaal:</string>
	<string id="Left">Links</string>
	<string id="Center">Centreren</string>
	<string id="Right">Rechts</string>
	<string id="Vertical">Verticaal:</string>
	<string id="Middle">Midden</string>
	<string id="Top">Boven</string>
	<string id="Bottom">Onder</string>
	<string id="Baseline">Basislijn</string>
	<string id="Background">Achtergrond</string>
	<string id="UseColor">Kleur:</string>
	<string id="Black">Zwart</string>
	<string id="Blue">Blauw</string>
	<string id="Green">Groen</string>
	<string id="Orange">Oranje</string>
	<string id="Red">Rood</string>
	<string id="White">Wit</string>
	<string id="Yellow">Geel</string>
	<string id="Custom">Aangepast</string>
	<string id="Customh">Aangepast - </string>
	<string id="PromptColor">Geef a.u.b. een geldige HEX waarde op:</string>
	<string id="Additional">Aanvullend</string>
	<string id="Content">Inhoud:</string>
	<string id="NoWrapping">Geen terugloop</string>
	<string id="Tab4HeaderText">Toegankelijkheid</string>	
	<string id="Sec508HeadingRows">Rijkoppen:</string>
	<string id="Sec508HeadingCols">Kolomkoppen:</string>
	<string id="Sec508Summary">Samenvatting:</string>
	<string id="Sec508Caption">Tekst:</string>
	<string id="Sec508CaptionAlign">Tekst uitlijning:</string>
	<string id="Sec508AssocCellHeaders">Koppel cellen met koppen</string>
	<string id="TableBorderControlSizeOverflow">U wilt een randbreedte op meer dan 1000 pixels instellen. De maximum randbreedte is 1000.</string>
	<string id="AddCustomColor">Aangepaste kleur...</string>
	<string id="AddHexColor">Hex kleur...</string>
	<string id="InvalidTableWidth">Ongeldige tabelbreedte.</string>
	<string id="InvalidTableHeight">Ongeldige tabelhoogte.</string>
	<string id="InvalidCellWidth">Ongeldige celbreedte.</string>
	<string id="InvalidCellHeight">Ongeldige celhoogte.</string>
	
	<string id="Allsides">Alle zijden</string>
	<string id="Rules">Regels</string>
	<string id="Nosides">Geen randen</string>
	<string id="Norules">Geen inwendige randen</string>
	<string id="Lefthand">Linkerkant</string>
	<string id="Betweencolumns">Tussen kolommen</string>
	<string id="Righthand">Alleen rechterzijde</string>
	<string id="Rightleft">Rechter- en linkerzijde</string>
	
	<string id="Topbottom">Boven- en onderkant</string>	
	<string id="Topside">Alleen bovenkant</string>
	<string id="Betweenrows">Tussen rijen</string>
	<string id="Bottomside">Alleen onderkant</string>					
	
	<string id="Betweenall">Tussen alle rijen en kolommen</string>
	<string id="Betweengroup">Tussen rij- en kolomgroepen</string>				
</localization>
