﻿<?xml version="1.0" encoding="utf-8" ?> 
<localization>
	<string id="Tab1HeaderText">Selecteer sjabloon</string>
	<string id="Tab2HeaderText">Sjabloon laden</string>
	<string id="TemplateURL">URL:</string>
	<string id="AlertFile">Geef a.u.b. een geldig sjabloon op!</string>
	<string id="AlertExists">Een sjabloon met deze naam bestaat al in deze map!</string>
	<string id="MessageValid">Geef a.u.b. een geldig bestand op!</string>
	<string id="MessageSize">Het opgegeven bestand is groter dan toegestaan!</string>
	<string id="MessageNothingPost">Geef a.u.b. een sjabloon op!</string>
	<string id="NoTemplateSelectedToInsert">Selecteer een sjabloon om in te voegen!</string>
</localization>