<root>
	<modules>
		<module name="RadEditorStatistics" dockingZone="Bottom" enabled="true" visible="true" dockable="true" />
		<module name="RadEditorDomInspector" dockingZone="Module" enabled="true" visible="true" dockable="true" />
		<module name="RadEditorNodeInspector" dockingZone="Module" enabled="true" visible="true" dockable="true" />
		<module name="RadEditorHtmlInspector" dockingZone="Module" enabled="true" visible="false" dockable="true" />
	</modules>
  <tools name="MainToolbar">
	<tool name="XhtmlValidator" />
	<tool name="PageProperties" />
	<tool name="StyleBuilder" />
	<tool name="TrackChangesDialog" />
	<tool name="FormatCodeBlock" />
	<tool separator="true"/>
	<tool name="InsertImage" />
	<tool name="InsertLink" />
	<tool name="InsertTableLight" />
	<tool separator="true"/>
	<tool name="InsertFormElement" />
	<tool name="InsertFormForm" />
	<tool name="InsertFormButton" />
	<tool name="InsertFormCheckbox" />
	<tool name="InsertFormHidden" />
	<tool name="InsertFormPassword" />
	<tool name="InsertFormRadio" />
	<tool name="InsertFormReset" />
	<tool name="InsertFormSelect" />
	<tool name="InsertFormSubmit" />
	<tool name="InsertFormTextarea" />
	<tool name="InsertFormText" />
	<tool separator="true"/>
	<tool name="StripAll" />
	<tool name="StripCss" />
	<tool name="StripFont" />
	<tool name="StripSpan" />
	<tool name="StripWord" />
	<tool name="FormatStripper" />
  </tools>
  <tools name="InsertToolbar" >
	<tool name="AjaxSpellCheck"/>
	<tool name="ImageManager" shortcut="CTRL+M"/>
	<tool name="SetImageProperties" />
	<tool name="ImageMapDialog"/>
	<tool separator="true"/>
	<tool name="FlashManager" />
	<tool name="MediaManager" />
	<tool name="InsertExternalVideo" />
	<tool separator="true"/>
	<tool name="DocumentManager" />
	<tool name="TemplateManager" />
	<tool name="SilverlightManager" />
	<tool separator="true"/>
	<tool name="InsertTable" />
	<tool name="InsertRowAbove" />
	<tool name="InsertRowBelow" />
	<tool name="DeleteRow" />
	<tool name="InsertColumnLeft" />
	<tool name="InsertColumnRight" />
	<tool name="DeleteColumn" />
	<tool separator="true"/>
	<tool name="MergeColumns" />
	<tool name="MergeRows" />
	<tool separator="true"/>
	<tool name="SplitCell" />
	<tool name="SplitCellHorizontal" />
	<tool name="DeleteCell" />
	<tool name="SetCellProperties" />
	<tool name="SetTableProperties" />
	<tool separator="true"/>
	<tool name="InsertSymbol" />
  </tools>
  <tools>
	<tool name="Undo" />
	<tool name="Redo" />
	<tool separator="true"/>
	<tool name="Cut" />
	<tool name="Copy" />
	<tool name="Paste" shortcut="CTRL+!"/>
	<tool name="PasteMarkdown" />
	<tool separator="true"/>
	<tool name="PasteFromWord" />
	<tool name="PasteFromWordNoFontsNoSizes" />
	<tool name="PastePlainText" />
	<tool name="PasteAsHtml"  />
	<tool name="PasteHtml"  />
	<tool separator="true"/>
	<tool name="Print" />
	<tool name="FindAndReplace" />
	<tool name="SelectAll" />
	<tool separator="true"/>
	<tool name="InsertGroupbox" />
	<tool name="InsertParagraph" />
	<tool name="InsertHorizontalRule" />
	<tool name="InsertSnippet" />
	<tool separator="true"/>
	<tool name="InsertDate" />
	<tool name="InsertTime" />
	<tool separator="true"/>
	<tool name="AboutDialog" />
	<tool name="Help" />
	<tool name="ToggleScreenMode" />
  </tools>
  <tools>
	<tool name="Bold" />
	<tool name="Italic" />
	<tool name="Underline" />
	<tool name="StrikeThrough" />
	<tool name="ForeColor" />
	<tool name="BackColor"/>
	<tool name="FormatPainter" />
	<tool separator="true"/>
	<tool name="JustifyLeft" />
	<tool name="JustifyCenter" />
	<tool name="JustifyRight" />
	<tool name="JustifyFull" />
	<tool name="JustifyNone" />
	<tool separator="true"/>
	<tool name="Superscript" />
	<tool name="Subscript" />
	<tool separator="true"/>
	<tool name="ConvertToLower" />
	<tool name="ConvertToUpper" />
	<tool name="Indent" />
	<tool name="Outdent" />
	<tool name="InsertOrderedList" />
	<tool name="InsertUnorderedList"/>
	<tool name="AbsolutePosition" />
	<tool name="LinkManager" />
	<tool name="Unlink" />
	<tool name="SetLinkProperties" />
	<tool name="ToggleTableBorder" />
  </tools>
  <tools name="DropdownToolbar" >
	<tool name="FontName"/>
	<tool name="FontSize"/>
	<tool name="RealFontSize"/>
	<tool name="ApplyClass"/>
	<tool name="InsertCustomLink"/>
	<tool name="FormatBlock"/>
	<tool name="FormatSets"/>
	<tool name="Zoom" />
  </tools>
	<links>
		<link name="Telerik" href="http://www.telerik.com">
			<link name="Products" href="http://www.telerik.com/products">
				<link name="RadEditor" href="http://www.telerik.com/radeditor" >
					<link name="Accessible RadEditor" href="http://demos.telerik.com/aspnet-ajax/editor/examples/accessibleeditor/defaultcs.aspx" />
					<link name="Rad Editor for MOSS" href="http://www.telerik.com/products/aspnet-ajax/sharepoint.aspx" />
				</link>
			</link>
			<link name="Purchase" href="http://www.telerik.com/purchase" />
			<link name="Support" href="http://www.telerik.com/support" />
			<link name="Community" href="http://www.telerik.com/community" />
			<link name="Company" href="http://www.telerik.com/company" />
			<link name="Account" href="https://www.telerik.com/login.aspx" />
		</link>
		<link name="Microsoft">
			<link name="Main Site" href="http://www.microsoft.com" />
			<link name="MSDN Online" href="http://msdn.microsoft.com" />
			<link name="Windows Update" href="http://windowsupdate.microsoft.com" />
		</link>
		<link name="Search Engines">
			<link name="Google" href="http://www.google.com" />
			<link name="Bing" href="http://www.bing.com" />
			<link name="Yahoo" href="http://www.yahoo.com" />
		</link>
	</links>
	<snippets>
		<snippet name="Order Confirmation">
			<![CDATA[
					<div style="width:300px;border:2px outset #D8D2BD;padding:34px;font-family:Arial, Verdana; font-size:11px;background-color:#F1EFE6;">
					Dear ____________________,<br />
					Thank you for inquiring about ____________. Your request will be processed in 48 hours and shipped at the address you have provided. 
					<br /><br />
						<b>Please, contact us if you have any problems.</b>
					</div>
				]]>
		</snippet>
		<snippet name="Email Signature">
			<![CDATA[
					<div style="margin-top:30px;width:80%;border-top:1px dotted gray;padding-top:4px;font-family:Arial, Verdana; font-size:11px;">
					<b>John Wigham</b><br />
					Senior Web Developer<br />
						<a href="#">john@mysite.com</a>
						<br />
							<br />
								<i>Disclaimer: The contents of this e-mail are privileged and confidential and intended for the addressees at the specified e-mail addresses only.</i>
					</div>
				]]>
		</snippet>
		<snippet name="Problem Report Feedback">
			<![CDATA[
					<div style="width:300px;border:2px outset #D8D2BD;padding:34px;font-family:Arial, Verdana; font-size:11px;background-color:#F1EFE6;">
					Hi ____________________,<br />
					Thank you for reporting this issue. We have verified the problem and it is logged in our system. We will notify you once we have a solution. 
					<br /><br />
						<b>Please, contact us if you have any problems.</b>
					</div>
				]]>
		</snippet>
	</snippets>
	<symbols>
	</symbols>
	<fontNames>
	</fontNames>
	<fontSizes>
	</fontSizes>
	<colors>
	</colors>
	<classes>
	</classes>
	<paragraphs>
	</paragraphs>
	<dialogParameters>
	</dialogParameters>
	<languages>
	</languages>
</root>