﻿<?xml version="1.0" encoding="utf-8" ?>
<root>
	<tools >
		<tool name="AjaxSpellCheck"/>
		<tool name="ImageManager" shortcut="CTRL+M"/>
		<tool name="SetImageProperties" />
		<tool separator="true"/>
		<tool name="InsertTable" />
	</tools>
	<tools enabled="true">
		<tool name="Undo" />
		<tool name="Redo" />
		<tool separator="true"/>
		<tool name="Cut" />
		<tool name="Copy" />
		<tool name="Paste"/>
		<tool separator="true"/>
		<tool name="FindAndReplace" />
		<tool name="SelectAll" />
	</tools>
	<tools>
		<tool name="FontName"/>
		<tool name="RealFontSize"/>
		<tool name="Bold" />
		<tool name="Italic" />
		<tool name="Underline" />
		<tool name="StrikeThrough" />
		<tool name="ForeColor" />
		<tool name="BackColor"/>
	</tools>
	<tools>
		<tool name="JustifyLeft" />
		<tool name="JustifyCenter" />
		<tool name="JustifyRight" />
		<tool name="JustifyFull" />
		<tool name="JustifyNone" />
		<tool separator="true"/>
		<tool name="Indent" />
		<tool name="Outdent" />
		<tool name="InsertOrderedList" />
		<tool name="InsertUnorderedList"/>
		<tool name="LinkManager" />
		<tool name="Unlink" />
	</tools>
</root>